,DateTime,Close,High,Low,Volume,Bid Price,Ask Price
0,2023-02-02 09:00:00,146.99,147.09,146.56,1154,147.17,147.17
1,2023-02-02 09:01:00,147.23,147.23,147.09,3720,147.2,147.2
2,2023-02-02 09:02:00,147.1,147.1,147.1,180,147.09,147.09
3,2023-02-02 09:03:00,147.1,147.1,147.1,0,147.0,147.0
4,2023-02-02 09:04:00,147.1,147.1,147.1,0,146.97,146.97
5,2023-02-02 09:05:00,147.49,147.49,146.97,991,147.15,147.15
6,2023-02-02 09:06:00,147.09,147.1,147.09,319,147.2,147.2
7,2023-02-02 09:07:00,147.09,147.09,147.09,0,147.05,147.05
8,2023-02-02 09:08:00,147.09,147.09,147.09,0,146.97,146.97
9,2023-02-02 09:09:00,146.83,146.83,146.83,100,146.85,146.85
10,2023-02-02 09:10:00,146.85,146.85,146.85,150,146.97,146.97
11,2023-02-02 09:11:00,147.0,147.0,147.0,1070,147.1,147.1
12,2023-02-02 09:12:00,147.1,147.1,147.02,288,147.13,147.13
13,2023-02-02 09:13:00,147.0,147.0,147.0,100,147.1,147.1
14,2023-02-02 09:14:00,147.0,147.0,147.0,694,147.1,147.1
15,2023-02-02 09:15:00,147.0,147.0,147.0,300,147.1,147.1
16,2023-02-02 09:16:00,147.0,147.01,147.0,507,147.02,147.02
17,2023-02-02 09:17:00,147.0,147.0,147.0,321,147.04,147.04
18,2023-02-02 09:18:00,147.0,147.0,147.0,0,147.0,147.0
19,2023-02-02 09:19:00,147.0,147.0,147.0,0,146.88,146.88
20,2023-02-02 09:20:00,146.85,146.85,146.85,116,147.0,147.0
21,2023-02-02 09:21:00,146.85,146.85,146.85,0,146.9,146.9
22,2023-02-02 09:22:00,146.98,146.98,146.98,100,147.05,147.05
23,2023-02-02 09:23:00,147.01,147.01,147.01,250,147.09,147.09
24,2023-02-02 09:24:00,147.02,147.02,147.02,100,147.09,147.09
25,2023-02-02 09:25:00,147.02,147.02,147.02,0,147.0,147.0
26,2023-02-02 09:26:00,147.0,147.0,146.96,589,147.09,147.09
27,2023-02-02 09:27:00,147.0,147.0,147.0,0,147.09,147.09
28,2023-02-02 09:28:00,147.0,147.0,147.0,0,147.0,147.0
29,2023-02-02 09:29:00,147.0,147.0,147.0,0,147.0,147.0
30,2023-02-02 09:30:00,147.0,147.0,147.0,0,147.06,147.06
31,2023-02-02 09:31:00,147.0,147.0,147.0,0,147.04,147.04
32,2023-02-02 09:32:00,147.0,147.0,147.0,0,147.04,147.04
33,2023-02-02 09:33:00,147.0,147.0,147.0,0,146.97,146.97
34,2023-02-02 09:34:00,147.0,147.0,147.0,0,146.96,146.96
35,2023-02-02 09:35:00,147.0,147.0,147.0,0,146.99,146.99
36,2023-02-02 09:36:00,147.0,147.0,147.0,0,147.04,147.04
37,2023-02-02 09:37:00,147.0,147.0,147.0,0,147.04,147.04
38,2023-02-02 09:38:00,146.99,146.99,146.99,100,146.99,146.99
39,2023-02-02 09:39:00,146.99,146.99,146.99,0,146.99,146.99
40,2023-02-02 09:40:00,146.99,146.99,146.99,0,147.02,147.02
41,2023-02-02 09:41:00,146.99,146.99,146.99,0,147.0,147.0
42,2023-02-02 09:42:00,146.99,146.99,146.99,0,147.04,147.04
43,2023-02-02 09:43:00,146.99,146.99,146.99,120,147.0,147.0
44,2023-02-02 09:44:00,146.99,146.99,146.99,0,147.0,147.0
45,2023-02-02 09:45:00,146.99,146.99,146.99,0,146.98,146.98
46,2023-02-02 09:46:00,146.99,146.99,146.99,0,146.96,146.96
47,2023-02-02 09:47:00,146.99,146.99,146.99,0,147.0,147.0
48,2023-02-02 09:48:00,146.99,146.99,146.99,0,146.99,146.99
49,2023-02-02 09:49:00,146.99,146.99,146.99,0,146.99,146.99
50,2023-02-02 09:50:00,146.99,146.99,146.99,0,147.0,147.0
51,2023-02-02 09:51:00,146.99,146.99,146.99,0,147.0,147.0
52,2023-02-02 09:52:00,146.99,146.99,146.99,0,146.99,146.99
53,2023-02-02 09:53:00,146.99,146.99,146.99,0,147.0,147.0
54,2023-02-02 09:54:00,146.99,146.99,146.99,0,146.96,146.96
55,2023-02-02 09:55:00,146.99,146.99,146.99,0,146.98,146.98
56,2023-02-02 09:56:00,146.98,146.98,146.98,492,146.99,146.99
57,2023-02-02 09:57:00,146.98,146.98,146.98,0,146.95,146.95
58,2023-02-02 09:58:00,146.98,146.98,146.98,0,146.93,146.93
59,2023-02-02 09:59:00,146.98,146.98,146.98,0,146.97,146.97
60,2023-02-02 10:00:00,146.98,146.98,146.98,0,146.99,146.99
61,2023-02-02 10:01:00,146.98,146.98,146.98,0,146.99,146.99
62,2023-02-02 10:02:00,146.98,146.98,146.98,0,146.99,146.99
63,2023-02-02 10:03:00,146.99,146.99,146.99,313,147.0,147.0
64,2023-02-02 10:04:00,147.04,147.04,147.0,1872,147.05,147.05
65,2023-02-02 10:05:00,147.0,147.0,147.0,100,147.1,147.1
66,2023-02-02 10:06:00,147.1,147.1,147.1,200,147.1,147.1
67,2023-02-02 10:07:00,147.1,147.1,147.1,100,147.1,147.1
68,2023-02-02 10:08:00,147.1,147.1,147.1,118,147.2,147.2
69,2023-02-02 10:09:00,147.1,147.1,147.1,0,147.2,147.2
70,2023-02-02 10:10:00,147.1,147.1,147.1,0,147.2,147.2
71,2023-02-02 10:11:00,147.1,147.1,147.1,0,147.15,147.15
72,2023-02-02 10:12:00,147.1,147.1,147.1,143,147.2,147.2
73,2023-02-02 10:13:00,147.1,147.1,147.1,0,147.2,147.2
74,2023-02-02 10:14:00,147.1,147.1,147.1,0,147.1,147.1
75,2023-02-02 10:15:00,147.1,147.1,147.1,0,147.2,147.2
76,2023-02-02 10:16:00,147.01,147.01,147.01,145,147.14,147.14
77,2023-02-02 10:17:00,147.01,147.01,147.01,0,147.08,147.08
78,2023-02-02 10:18:00,147.01,147.01,147.01,0,147.2,147.2
79,2023-02-02 10:19:00,147.01,147.01,147.01,0,147.15,147.15
80,2023-02-02 10:20:00,147.01,147.01,147.01,0,147.11,147.11
81,2023-02-02 10:21:00,147.1,147.1,147.1,640,147.14,147.14
82,2023-02-02 10:22:00,147.1,147.1,147.1,0,147.14,147.14
83,2023-02-02 10:23:00,147.1,147.1,147.1,0,147.12,147.12
84,2023-02-02 10:24:00,147.0,147.0,147.0,250,147.1,147.1
85,2023-02-02 10:25:00,147.0,147.0,147.0,0,147.1,147.1
86,2023-02-02 10:26:00,147.0,147.0,147.0,0,147.1,147.1
87,2023-02-02 10:27:00,147.0,147.0,147.0,0,147.0,147.0
88,2023-02-02 10:28:00,147.0,147.0,147.0,0,147.0,147.0
89,2023-02-02 10:29:00,147.0,147.0,147.0,0,146.99,146.99
90,2023-02-02 10:30:00,147.0,147.0,147.0,0,147.1,147.1
91,2023-02-02 10:31:00,147.0,147.0,147.0,0,146.97,146.97
92,2023-02-02 10:32:00,147.0,147.0,147.0,0,146.99,146.99
93,2023-02-02 10:33:00,147.0,147.0,147.0,0,147.1,147.1
94,2023-02-02 10:34:00,147.0,147.0,147.0,0,147.0,147.0
95,2023-02-02 10:35:00,147.0,147.0,147.0,0,146.95,146.95
96,2023-02-02 10:36:00,147.0,147.0,147.0,0,146.95,146.95
97,2023-02-02 10:37:00,147.0,147.0,147.0,0,147.0,147.0
98,2023-02-02 10:38:00,146.9,146.9,146.9,100,146.91,146.91
99,2023-02-02 10:39:00,146.9,146.9,146.9,0,146.87,146.87
100,2023-02-02 10:40:00,146.94,146.94,146.94,106,146.97,146.97
101,2023-02-02 10:41:00,146.94,146.94,146.94,0,146.97,146.97
102,2023-02-02 10:42:00,146.94,146.94,146.94,0,146.97,146.97
103,2023-02-02 10:43:00,146.94,146.94,146.94,0,147.0,147.0
104,2023-02-02 10:44:00,146.94,146.94,146.94,0,147.0,147.0
105,2023-02-02 10:45:00,147.0,147.0,147.0,100,147.1,147.1
106,2023-02-02 10:46:00,147.0,147.0,147.0,0,147.0,147.0
107,2023-02-02 10:47:00,147.0,147.0,147.0,0,147.0,147.0
108,2023-02-02 10:48:00,147.0,147.0,147.0,0,147.0,147.0
109,2023-02-02 10:49:00,147.0,147.0,147.0,0,146.94,146.94
110,2023-02-02 10:50:00,147.0,147.0,147.0,0,146.94,146.94
111,2023-02-02 10:51:00,147.0,147.0,147.0,0,146.94,146.94
112,2023-02-02 10:52:00,147.0,147.0,147.0,0,146.85,146.85
113,2023-02-02 10:53:00,147.0,147.0,147.0,0,146.94,146.94
114,2023-02-02 10:54:00,147.0,147.0,147.0,0,146.94,146.94
115,2023-02-02 10:55:00,147.0,147.0,147.0,0,146.94,146.94
116,2023-02-02 10:56:00,147.0,147.0,147.0,0,146.94,146.94
117,2023-02-02 10:57:00,146.9,146.9,146.9,180,146.94,146.94
118,2023-02-02 10:58:00,146.9,146.9,146.9,0,147.0,147.0
119,2023-02-02 10:59:00,146.9,146.9,146.9,0,147.0,147.0
120,2023-02-02 11:00:00,147.0,147.0,147.0,100,147.0,147.0
121,2023-02-02 11:01:00,146.96,146.96,146.96,937,147.0,147.0
122,2023-02-02 11:02:00,146.96,146.96,146.96,0,147.0,147.0
123,2023-02-02 11:03:00,146.92,146.92,146.92,100,146.91,146.91
124,2023-02-02 11:04:00,146.92,146.92,146.92,0,147.0,147.0
125,2023-02-02 11:05:00,146.92,146.92,146.92,0,146.93,146.93
126,2023-02-02 11:06:00,146.92,146.92,146.92,0,147.0,147.0
127,2023-02-02 11:07:00,146.92,146.92,146.92,0,147.0,147.0
128,2023-02-02 11:08:00,146.86,146.86,146.86,175,147.0,147.0
129,2023-02-02 11:09:00,146.86,146.86,146.86,0,146.89,146.89
130,2023-02-02 11:10:00,146.75,146.75,146.75,907,146.89,146.89
131,2023-02-02 11:11:00,146.75,146.75,146.75,0,146.89,146.89
132,2023-02-02 11:12:00,146.75,146.75,146.75,0,146.87,146.87
133,2023-02-02 11:13:00,146.75,146.75,146.75,0,146.89,146.89
134,2023-02-02 11:14:00,146.75,146.75,146.75,0,146.89,146.89
135,2023-02-02 11:15:00,146.75,146.75,146.75,0,146.86,146.86
136,2023-02-02 11:16:00,146.75,146.75,146.75,0,146.97,146.97
137,2023-02-02 11:17:00,146.75,146.75,146.75,0,147.0,147.0
138,2023-02-02 11:18:00,146.75,146.75,146.75,0,147.0,147.0
139,2023-02-02 11:19:00,146.75,146.75,146.75,0,147.0,147.0
140,2023-02-02 11:20:00,146.75,146.75,146.75,0,147.0,147.0
141,2023-02-02 11:21:00,146.75,146.75,146.75,0,147.01,147.01
142,2023-02-02 11:22:00,146.75,146.75,146.75,0,147.04,147.04
143,2023-02-02 11:23:00,147.0,147.0,147.0,100,147.05,147.05
144,2023-02-02 11:24:00,146.98,146.98,146.98,118,147.05,147.05
145,2023-02-02 11:25:00,146.98,146.98,146.98,0,147.05,147.05
146,2023-02-02 11:26:00,146.98,146.98,146.98,0,147.1,147.1
147,2023-02-02 11:27:00,146.98,146.98,146.98,0,147.1,147.1
148,2023-02-02 11:28:00,146.98,146.98,146.98,0,147.05,147.05
149,2023-02-02 11:29:00,146.98,146.98,146.98,0,147.05,147.05
150,2023-02-02 11:30:00,146.98,146.98,146.98,0,147.05,147.05
151,2023-02-02 11:31:00,146.98,146.98,146.98,0,147.05,147.05
152,2023-02-02 11:32:00,146.98,146.98,146.98,0,147.1,147.1
153,2023-02-02 11:33:00,146.98,146.98,146.98,0,147.1,147.1
154,2023-02-02 11:34:00,146.98,146.98,146.98,0,147.1,147.1
155,2023-02-02 11:35:00,146.98,146.98,146.98,0,147.06,147.06
156,2023-02-02 11:36:00,146.98,146.98,146.98,0,147.06,147.06
157,2023-02-02 11:37:00,146.98,146.98,146.98,0,147.05,147.05
158,2023-02-02 11:38:00,146.98,146.98,146.98,0,147.05,147.05
159,2023-02-02 11:39:00,146.98,146.98,146.98,0,147.05,147.05
160,2023-02-02 11:40:00,146.98,146.98,146.98,0,147.04,147.04
161,2023-02-02 11:41:00,146.98,146.98,146.98,0,147.04,147.04
162,2023-02-02 11:42:00,146.99,146.99,146.99,150,147.04,147.04
163,2023-02-02 11:43:00,146.99,146.99,146.99,0,147.04,147.04
164,2023-02-02 11:44:00,146.99,146.99,146.99,0,146.96,146.96
165,2023-02-02 11:45:00,146.99,146.99,146.99,0,146.96,146.96
166,2023-02-02 11:46:00,146.99,146.99,146.99,0,146.9,146.9
167,2023-02-02 11:47:00,146.99,146.99,146.99,0,146.94,146.94
168,2023-02-02 11:48:00,146.99,146.99,146.99,0,146.92,146.92
169,2023-02-02 11:49:00,146.86,146.86,146.86,228,146.9,146.9
170,2023-02-02 11:50:00,146.88,146.88,146.88,150,146.96,146.96
171,2023-02-02 11:51:00,146.88,146.88,146.88,0,146.9,146.9
172,2023-02-02 11:52:00,146.88,146.88,146.88,0,146.96,146.96
173,2023-02-02 11:53:00,146.88,146.88,146.88,0,146.87,146.87
174,2023-02-02 11:54:00,146.88,146.88,146.88,0,146.9,146.9
175,2023-02-02 11:55:00,146.88,146.88,146.88,0,146.89,146.89
176,2023-02-02 11:56:00,146.88,146.88,146.88,0,146.89,146.89
177,2023-02-02 11:57:00,146.88,146.88,146.88,0,146.96,146.96
178,2023-02-02 11:58:00,146.88,146.88,146.88,0,146.99,146.99
179,2023-02-02 11:59:00,146.88,146.88,146.88,0,146.97,146.97
180,2023-02-02 12:00:00,146.96,146.96,146.82,7308,146.99,146.99
181,2023-02-02 12:01:00,146.9,146.9,146.84,2763,146.95,146.95
182,2023-02-02 12:02:00,146.91,146.92,146.91,989,146.9,146.9
183,2023-02-02 12:03:00,146.95,146.95,146.95,300,146.98,146.98
184,2023-02-02 12:04:00,146.91,146.92,146.89,1755,146.9,146.9
185,2023-02-02 12:05:00,146.8,146.87,146.8,2002,146.8,146.8
186,2023-02-02 12:06:00,146.8,146.8,146.77,5921,146.9,146.9
187,2023-02-02 12:07:00,146.77,146.77,146.77,1000,146.83,146.83
188,2023-02-02 12:08:00,146.85,146.85,146.85,626,146.9,146.9
189,2023-02-02 12:09:00,146.95,146.95,146.9,1663,146.93,146.93
190,2023-02-02 12:10:00,146.9,146.95,146.9,757,146.92,146.92
191,2023-02-02 12:11:00,146.92,146.92,146.92,354,146.98,146.98
192,2023-02-02 12:12:00,146.95,146.95,146.95,553,146.95,146.95
193,2023-02-02 12:13:00,146.9,146.9,146.9,260,146.9,146.9
194,2023-02-02 12:14:00,146.88,146.88,146.85,698,146.9,146.9
195,2023-02-02 12:15:00,146.9,146.9,146.9,200,146.95,146.95
196,2023-02-02 12:16:00,146.9,146.9,146.9,0,146.9,146.9
197,2023-02-02 12:17:00,146.99,147.0,146.92,797,147.0,147.0
198,2023-02-02 12:18:00,146.89,146.94,146.89,2322,146.89,146.89
199,2023-02-02 12:19:00,147.0,147.0,146.89,1924,147.0,147.0
200,2023-02-02 12:20:00,147.0,147.0,147.0,696,147.0,147.0
201,2023-02-02 12:21:00,147.0,147.0,147.0,0,147.02,147.02
202,2023-02-02 12:22:00,147.2,147.2,147.1,5269,147.28,147.28
203,2023-02-02 12:23:00,147.2,147.2,147.2,383,147.2,147.2
204,2023-02-02 12:24:00,147.14,147.15,147.11,1107,147.21,147.21
205,2023-02-02 12:25:00,147.14,147.14,147.14,0,147.24,147.24
206,2023-02-02 12:26:00,147.18,147.21,147.18,1261,147.2,147.2
207,2023-02-02 12:27:00,147.2,147.2,147.2,2149,147.21,147.21
208,2023-02-02 12:28:00,147.16,147.16,147.16,100,147.2,147.2
209,2023-02-02 12:29:00,147.16,147.16,147.16,0,147.19,147.19
210,2023-02-02 12:30:00,147.16,147.16,147.16,0,147.19,147.19
211,2023-02-02 12:31:00,147.16,147.16,147.15,4055,147.19,147.19
212,2023-02-02 12:32:00,147.23,147.23,147.19,5563,147.24,147.24
213,2023-02-02 12:33:00,147.24,147.24,147.24,506,147.3,147.3
214,2023-02-02 12:34:00,147.28,147.29,147.28,520,147.4,147.4
215,2023-02-02 12:35:00,147.44,147.44,147.4,5438,147.47,147.47
216,2023-02-02 12:36:00,147.5,147.5,147.46,1541,147.6,147.6
217,2023-02-02 12:37:00,147.45,147.7,147.45,3125,147.54,147.54
218,2023-02-02 12:38:00,147.54,147.54,147.4,1315,147.58,147.58
219,2023-02-02 12:39:00,147.5,147.54,147.5,4398,147.53,147.53
220,2023-02-02 12:40:00,147.5,147.5,147.5,0,147.5,147.5
221,2023-02-02 12:41:00,147.42,147.47,147.4,1632,147.39,147.39
222,2023-02-02 12:42:00,147.26,147.38,147.26,13600,147.36,147.36
223,2023-02-02 12:43:00,147.41,147.41,147.3,595,147.43,147.43
224,2023-02-02 12:44:00,147.46,147.46,147.46,100,147.55,147.55
225,2023-02-02 12:45:00,147.5,147.58,147.5,692,147.49,147.49
226,2023-02-02 12:46:00,147.49,147.49,147.49,350,147.49,147.49
227,2023-02-02 12:47:00,147.46,147.55,147.46,700,147.45,147.45
228,2023-02-02 12:48:00,147.4,147.41,147.4,800,147.39,147.39
229,2023-02-02 12:49:00,147.25,147.33,147.25,4579,147.3,147.3
230,2023-02-02 12:50:00,147.25,147.25,147.25,0,147.3,147.3
231,2023-02-02 12:51:00,147.25,147.25,147.25,0,147.3,147.3
232,2023-02-02 12:52:00,147.47,147.47,147.44,211,147.47,147.47
233,2023-02-02 12:53:00,147.47,147.47,147.47,0,147.44,147.44
234,2023-02-02 12:54:00,147.45,147.45,147.4,1410,147.45,147.45
235,2023-02-02 12:55:00,147.6,147.6,147.44,1532,147.59,147.59
236,2023-02-02 12:56:00,147.55,147.6,147.55,676,147.57,147.57
237,2023-02-02 12:57:00,147.62,147.62,147.58,2333,147.58,147.58
238,2023-02-02 12:58:00,147.6,147.61,147.58,600,147.64,147.64
239,2023-02-02 12:59:00,147.69,147.69,147.66,486,147.69,147.69
240,2023-02-02 13:00:00,147.58,147.66,147.58,605,147.59,147.59
241,2023-02-02 13:01:00,147.48,147.5,147.48,400,147.5,147.5
242,2023-02-02 13:02:00,147.31,147.43,147.31,600,147.36,147.36
243,2023-02-02 13:03:00,147.31,147.31,147.31,0,147.39,147.39
244,2023-02-02 13:04:00,147.36,147.37,147.36,1180,147.37,147.37
245,2023-02-02 13:05:00,147.37,147.4,147.35,4405,147.39,147.39
246,2023-02-02 13:06:00,147.43,147.45,147.34,2134,147.44,147.44
247,2023-02-02 13:07:00,147.4,147.41,147.36,1341,147.44,147.44
248,2023-02-02 13:08:00,147.36,147.4,147.36,650,147.39,147.39
249,2023-02-02 13:09:00,147.36,147.36,147.36,0,147.44,147.44
250,2023-02-02 13:10:00,147.44,147.44,147.44,300,147.45,147.45
251,2023-02-02 13:11:00,147.4,147.45,147.4,783,147.4,147.4
252,2023-02-02 13:12:00,147.4,147.4,147.4,765,147.41,147.41
253,2023-02-02 13:13:00,147.4,147.43,147.4,750,147.43,147.43
254,2023-02-02 13:14:00,147.4,147.4,147.39,1484,147.42,147.42
255,2023-02-02 13:15:00,147.36,147.43,147.35,1800,147.39,147.39
256,2023-02-02 13:16:00,147.49,147.49,147.39,500,147.5,147.5
257,2023-02-02 13:17:00,147.5,147.5,147.5,100,147.53,147.53
258,2023-02-02 13:18:00,147.55,147.55,147.5,908,147.57,147.57
259,2023-02-02 13:19:00,147.58,147.58,147.55,1149,147.6,147.6
260,2023-02-02 13:20:00,147.59,147.59,147.55,630,147.6,147.6
261,2023-02-02 13:21:00,147.55,147.6,147.55,582,147.58,147.58
262,2023-02-02 13:22:00,147.66,147.7,147.64,1300,147.65,147.65
263,2023-02-02 13:23:00,147.66,147.68,147.63,1120,147.71,147.71
264,2023-02-02 13:24:00,147.76,147.8,147.7,3032,147.79,147.79
265,2023-02-02 13:25:00,147.7,147.71,147.68,4494,147.73,147.73
266,2023-02-02 13:26:00,147.7,147.7,147.7,0,147.73,147.73
267,2023-02-02 13:27:00,147.66,147.7,147.66,841,147.68,147.68
268,2023-02-02 13:28:00,147.68,147.68,147.65,400,147.71,147.71
269,2023-02-02 13:29:00,147.68,147.68,147.68,0,147.74,147.74
270,2023-02-02 13:30:00,147.85,147.85,147.7,3681,147.81,147.81
271,2023-02-02 13:31:00,147.77,147.77,147.7,1150,147.81,147.81
272,2023-02-02 13:32:00,147.64,147.8,147.64,3249,147.75,147.75
273,2023-02-02 13:33:00,147.7,147.7,147.67,1199,147.75,147.75
274,2023-02-02 13:34:00,147.71,147.71,147.71,100,147.69,147.69
275,2023-02-02 13:35:00,147.5,147.65,147.5,2904,147.51,147.51
276,2023-02-02 13:36:00,147.48,147.51,147.48,300,147.5,147.5
277,2023-02-02 13:37:00,147.5,147.5,147.5,150,147.57,147.57
278,2023-02-02 13:38:00,147.5,147.5,147.5,0,147.55,147.55
279,2023-02-02 13:39:00,147.52,147.57,147.52,3590,147.55,147.55
280,2023-02-02 13:40:00,147.51,147.54,147.51,400,147.48,147.48
281,2023-02-02 13:41:00,147.52,147.52,147.5,580,147.55,147.55
282,2023-02-02 13:42:00,147.53,147.55,147.53,600,147.59,147.59
283,2023-02-02 13:43:00,147.63,147.63,147.59,906,147.64,147.64
284,2023-02-02 13:44:00,147.57,147.59,147.57,200,147.6,147.6
285,2023-02-02 13:45:00,147.64,147.64,147.63,4311,147.62,147.62
286,2023-02-02 13:46:00,147.59,147.59,147.59,100,147.65,147.65
287,2023-02-02 13:47:00,147.79,147.79,147.62,1946,147.8,147.8
288,2023-02-02 13:48:00,147.79,147.79,147.79,0,147.78,147.78
289,2023-02-02 13:49:00,147.87,147.87,147.78,2384,147.89,147.89
290,2023-02-02 13:50:00,147.9,147.91,147.85,1800,147.98,147.98
291,2023-02-02 13:51:00,147.8,147.86,147.8,666,147.81,147.81
292,2023-02-02 13:52:00,147.79,147.79,147.74,3335,147.85,147.85
293,2023-02-02 13:53:00,147.92,147.98,147.79,3949,147.94,147.94
294,2023-02-02 13:54:00,147.95,147.97,147.95,4069,147.96,147.96
295,2023-02-02 13:55:00,148.14,148.18,147.98,7486,148.19,148.19
296,2023-02-02 13:56:00,148.24,148.24,148.17,2900,148.28,148.28
297,2023-02-02 13:57:00,148.24,148.35,148.24,8144,148.23,148.23
298,2023-02-02 13:58:00,148.3,148.35,148.2,10212,148.31,148.31
299,2023-02-02 13:59:00,148.34,148.38,148.28,5370,148.33,148.33
300,2023-02-02 14:00:00,148.2,148.3,148.2,3088,148.24,148.24
301,2023-02-02 14:01:00,148.42,148.42,148.21,6384,148.43,148.43
302,2023-02-02 14:02:00,148.39,148.43,148.38,4952,148.39,148.39
303,2023-02-02 14:03:00,148.41,148.43,148.39,1307,148.43,148.43
304,2023-02-02 14:04:00,148.44,148.45,148.43,2145,148.46,148.46
305,2023-02-02 14:05:00,148.41,148.45,148.41,1275,148.41,148.41
306,2023-02-02 14:06:00,148.28,148.39,148.25,3152,148.31,148.31
307,2023-02-02 14:07:00,148.55,148.55,148.33,3809,148.56,148.56
308,2023-02-02 14:08:00,148.47,148.57,148.47,2000,148.47,148.47
309,2023-02-02 14:09:00,148.22,148.46,148.22,2127,148.26,148.26
310,2023-02-02 14:10:00,148.2,148.24,148.18,1319,148.22,148.22
311,2023-02-02 14:11:00,148.12,148.18,148.12,1202,148.12,148.12
312,2023-02-02 14:12:00,148.09,148.11,148.09,1236,148.11,148.11
313,2023-02-02 14:13:00,148.16,148.17,148.08,1000,148.18,148.18
314,2023-02-02 14:14:00,148.21,148.22,148.19,400,148.25,148.25
315,2023-02-02 14:15:00,148.18,148.25,148.18,500,148.19,148.19
316,2023-02-02 14:16:00,148.12,148.12,148.12,675,148.14,148.14
317,2023-02-02 14:17:00,148.16,148.17,148.15,700,148.16,148.16
318,2023-02-02 14:18:00,148.09,148.17,148.09,650,148.12,148.12
319,2023-02-02 14:19:00,148.19,148.19,148.15,900,148.19,148.19
320,2023-02-02 14:20:00,148.16,148.16,148.15,400,148.18,148.18
321,2023-02-02 14:21:00,148.16,148.16,148.16,100,148.19,148.19
322,2023-02-02 14:22:00,148.23,148.23,148.23,200,148.28,148.28
323,2023-02-02 14:23:00,148.39,148.39,148.3,944,148.4,148.4
324,2023-02-02 14:24:00,148.4,148.4,148.35,800,148.5,148.5
325,2023-02-02 14:25:00,148.34,148.41,148.34,200,148.35,148.35
326,2023-02-02 14:26:00,148.34,148.34,148.34,100,148.43,148.43
327,2023-02-02 14:27:00,148.32,148.35,148.32,300,148.5,148.5
328,2023-02-02 14:28:00,148.7,148.7,148.4,5031,148.73,148.73
329,2023-02-02 14:29:00,148.95,148.99,148.75,2500,148.95,148.95
330,2023-02-02 14:30:00,149.32,149.42,148.72,154831,149.34,149.34
331,2023-02-02 14:31:00,148.83,149.44,148.83,50273,148.86,148.86
332,2023-02-02 14:32:00,149.27,149.45,148.77,32160,149.29,149.29
333,2023-02-02 14:33:00,149.46,149.46,149.06,45973,149.46,149.46
334,2023-02-02 14:34:00,149.13,149.47,148.95,64665,149.15,149.15
335,2023-02-02 14:35:00,149.0,149.36,148.94,52492,149.0,149.0
336,2023-02-02 14:36:00,149.09,149.22,148.94,60346,149.11,149.11
337,2023-02-02 14:37:00,149.12,149.17,149.03,44724,149.13,149.13
338,2023-02-02 14:38:00,149.05,149.16,148.96,46889,149.05,149.05
339,2023-02-02 14:39:00,149.12,149.17,149.01,34375,149.13,149.13
340,2023-02-02 14:40:00,149.13,149.17,149.09,53005,149.13,149.13
341,2023-02-02 14:41:00,149.19,149.38,149.1,41183,149.19,149.19
342,2023-02-02 14:42:00,149.43,149.5,149.17,68131,149.43,149.43
343,2023-02-02 14:43:00,149.25,149.44,149.14,34770,149.24,149.24
344,2023-02-02 14:44:00,149.1,149.37,149.06,30880,149.09,149.09
345,2023-02-02 14:45:00,148.99,149.1,148.87,31541,148.98,148.98
346,2023-02-02 14:46:00,149.05,149.09,148.82,26525,149.05,149.05
347,2023-02-02 14:47:00,149.34,149.38,148.97,30347,149.35,149.35
348,2023-02-02 14:48:00,149.27,149.51,149.19,52591,149.33,149.33
349,2023-02-02 14:49:00,149.29,149.4,149.25,19530,149.29,149.29
350,2023-02-02 14:50:00,149.23,149.4,149.06,31318,149.25,149.25
351,2023-02-02 14:51:00,148.98,149.24,148.89,35109,148.98,148.98
352,2023-02-02 14:52:00,149.08,149.16,148.81,20044,149.07,149.07
353,2023-02-02 14:53:00,148.9,149.05,148.87,22260,148.9,148.9
354,2023-02-02 14:54:00,148.84,148.99,148.81,25972,148.87,148.87
355,2023-02-02 14:55:00,148.66,148.86,148.57,27095,148.66,148.66
356,2023-02-02 14:56:00,148.62,148.78,148.54,15406,148.64,148.64
357,2023-02-02 14:57:00,148.57,148.61,148.47,24067,148.58,148.58
358,2023-02-02 14:58:00,148.54,148.65,148.4,20072,148.54,148.54
359,2023-02-02 14:59:00,148.6,148.6,148.36,23160,148.6,148.6
360,2023-02-02 15:00:00,148.78,148.81,148.44,37613,148.78,148.78
361,2023-02-02 15:01:00,149.0,149.03,148.71,54105,148.99,148.99
362,2023-02-02 15:02:00,148.79,148.97,148.79,38277,148.81,148.81
363,2023-02-02 15:03:00,148.84,148.97,148.77,18661,148.82,148.82
364,2023-02-02 15:04:00,148.82,148.99,148.8,18028,148.83,148.83
365,2023-02-02 15:05:00,148.7,148.8,148.59,23304,148.73,148.73
366,2023-02-02 15:06:00,148.75,148.96,148.67,20967,148.73,148.73
367,2023-02-02 15:07:00,148.7,148.74,148.55,25326,148.71,148.71
368,2023-02-02 15:08:00,148.58,148.69,148.5,27665,148.59,148.59
369,2023-02-02 15:09:00,148.38,148.54,148.28,23555,148.37,148.37
370,2023-02-02 15:10:00,148.43,148.49,148.18,27942,148.44,148.44
371,2023-02-02 15:11:00,148.33,148.58,148.29,28735,148.35,148.35
372,2023-02-02 15:12:00,148.53,148.63,148.35,17931,148.54,148.54
373,2023-02-02 15:13:00,148.45,148.67,148.39,16463,148.49,148.49
374,2023-02-02 15:14:00,148.61,148.69,148.4,9616,148.65,148.65
375,2023-02-02 15:15:00,148.41,148.7,148.4,15716,148.42,148.42
376,2023-02-02 15:16:00,148.43,148.63,148.35,17963,148.44,148.44
377,2023-02-02 15:17:00,148.67,148.71,148.43,20070,148.68,148.68
378,2023-02-02 15:18:00,148.75,148.79,148.61,16432,148.77,148.77
379,2023-02-02 15:19:00,148.82,148.84,148.63,18404,148.8,148.8
380,2023-02-02 15:20:00,148.59,148.82,148.47,30608,148.6,148.6
381,2023-02-02 15:21:00,148.88,148.95,148.6,35482,148.87,148.87
382,2023-02-02 15:22:00,148.86,148.88,148.75,14446,148.88,148.88
383,2023-02-02 15:23:00,148.88,148.97,148.81,16704,148.89,148.89
384,2023-02-02 15:24:00,148.73,148.9,148.73,15403,148.74,148.74
385,2023-02-02 15:25:00,148.83,148.88,148.68,12894,148.87,148.87
386,2023-02-02 15:26:00,148.93,149.0,148.78,30294,148.93,148.93
387,2023-02-02 15:27:00,148.89,148.96,148.82,8590,148.9,148.9
388,2023-02-02 15:28:00,148.96,148.96,148.82,8742,148.96,148.96
389,2023-02-02 15:29:00,148.96,149.06,148.9,19787,148.98,148.98
390,2023-02-02 15:30:00,149.27,149.28,148.95,41060,149.28,149.28
391,2023-02-02 15:31:00,149.4,149.41,149.16,26093,149.42,149.42
392,2023-02-02 15:32:00,149.49,149.5,149.36,34910,149.5,149.5
393,2023-02-02 15:33:00,149.48,149.51,149.41,30400,149.5,149.5
394,2023-02-02 15:34:00,149.58,149.6,149.41,30830,149.58,149.58
395,2023-02-02 15:35:00,149.5,149.57,149.42,18177,149.51,149.51
396,2023-02-02 15:36:00,149.45,149.62,149.43,16100,149.48,149.48
397,2023-02-02 15:37:00,149.42,149.47,149.36,16878,149.43,149.43
398,2023-02-02 15:38:00,149.45,149.52,149.39,22040,149.47,149.47
399,2023-02-02 15:39:00,149.52,149.53,149.39,27161,149.52,149.52
400,2023-02-02 15:40:00,149.69,149.73,149.48,31187,149.68,149.68
401,2023-02-02 15:41:00,149.73,149.78,149.6,18566,149.73,149.73
402,2023-02-02 15:42:00,149.82,149.87,149.7,29632,149.82,149.82
403,2023-02-02 15:43:00,149.95,149.97,149.81,27335,149.96,149.96
404,2023-02-02 15:44:00,149.98,150.0,149.94,27228,150.0,150.0
405,2023-02-02 15:45:00,150.0,150.0,149.96,27923,150.0,150.0
406,2023-02-02 15:46:00,150.23,150.23,149.93,288688,150.23,150.23
407,2023-02-02 15:47:00,150.15,150.24,150.02,37856,150.16,150.16
408,2023-02-02 15:48:00,150.17,150.31,150.04,31802,150.16,150.16
409,2023-02-02 15:49:00,150.15,150.28,150.07,41764,150.18,150.18
410,2023-02-02 15:50:00,150.15,150.27,150.13,12435,150.15,150.15
411,2023-02-02 15:51:00,150.2,150.25,150.14,15755,150.2,150.2
412,2023-02-02 15:52:00,150.39,150.4,150.08,33365,150.4,150.4
413,2023-02-02 15:53:00,150.35,150.5,150.32,19817,150.36,150.36
414,2023-02-02 15:54:00,150.27,150.39,150.27,13022,150.27,150.27
415,2023-02-02 15:55:00,150.22,150.32,150.14,16765,150.23,150.23
416,2023-02-02 15:56:00,150.3,150.32,150.15,10771,150.32,150.32
417,2023-02-02 15:57:00,150.12,150.35,150.1,22502,150.14,150.14
418,2023-02-02 15:58:00,150.04,150.17,150.01,27258,150.05,150.05
419,2023-02-02 15:59:00,150.16,150.19,150.03,13727,150.16,150.16
420,2023-02-02 16:00:00,150.02,150.18,150.0,34980,150.03,150.03
421,2023-02-02 16:01:00,149.96,150.1,149.95,19859,149.98,149.98
422,2023-02-02 16:02:00,149.92,150.09,149.91,33997,149.93,149.93
423,2023-02-02 16:03:00,149.91,149.92,149.8,16199,149.93,149.93
424,2023-02-02 16:04:00,149.96,149.97,149.81,12866,149.97,149.97
425,2023-02-02 16:05:00,149.94,149.97,149.86,12936,149.95,149.95
426,2023-02-02 16:06:00,150.0,150.01,149.87,24008,150.02,150.02
427,2023-02-02 16:07:00,149.93,150.05,149.85,19564,149.94,149.94
428,2023-02-02 16:08:00,149.93,149.93,149.85,14904,149.94,149.94
429,2023-02-02 16:09:00,149.82,149.92,149.69,17122,149.82,149.82
430,2023-02-02 16:10:00,149.94,149.95,149.73,10279,149.95,149.95
431,2023-02-02 16:11:00,149.91,149.96,149.81,14004,149.93,149.93
432,2023-02-02 16:12:00,149.81,149.92,149.79,10589,149.82,149.82
433,2023-02-02 16:13:00,149.71,149.88,149.68,10764,149.73,149.73
434,2023-02-02 16:14:00,149.85,149.9,149.77,9137,149.86,149.86
435,2023-02-02 16:15:00,149.8,149.9,149.72,14506,149.79,149.79
436,2023-02-02 16:16:00,149.71,149.83,149.66,22248,149.7,149.7
437,2023-02-02 16:17:00,149.61,149.72,149.57,25866,149.62,149.62
438,2023-02-02 16:18:00,149.79,149.83,149.61,19751,149.8,149.8
439,2023-02-02 16:19:00,149.66,149.78,149.62,20983,149.67,149.67
440,2023-02-02 16:20:00,149.77,149.77,149.6,23050,149.79,149.79
441,2023-02-02 16:21:00,149.71,149.8,149.66,18092,149.71,149.71
442,2023-02-02 16:22:00,149.88,149.89,149.72,14431,149.88,149.88
443,2023-02-02 16:23:00,149.97,150.0,149.86,26129,149.97,149.97
444,2023-02-02 16:24:00,149.96,150.09,149.9,35810,149.96,149.96
445,2023-02-02 16:25:00,149.96,150.08,149.9,24050,149.96,149.96
446,2023-02-02 16:26:00,150.07,150.07,149.9,14591,150.07,150.07
447,2023-02-02 16:27:00,149.93,150.07,149.86,17813,149.93,149.93
448,2023-02-02 16:28:00,150.0,150.03,149.93,14696,150.01,150.01
449,2023-02-02 16:29:00,150.07,150.07,149.97,6971,150.04,150.04
450,2023-02-02 16:30:00,150.21,150.21,150.02,14355,150.22,150.22
451,2023-02-02 16:31:00,150.23,150.27,150.17,21498,150.24,150.24
452,2023-02-02 16:32:00,150.15,150.33,150.12,25873,150.16,150.16
453,2023-02-02 16:33:00,150.3,150.3,150.14,13996,150.31,150.31
454,2023-02-02 16:34:00,150.39,150.44,150.31,20611,150.41,150.41
455,2023-02-02 16:35:00,150.25,150.43,150.25,10848,150.24,150.24
456,2023-02-02 16:36:00,150.2,150.32,150.19,12254,150.22,150.22
457,2023-02-02 16:37:00,150.34,150.35,150.21,21768,150.34,150.34
458,2023-02-02 16:38:00,150.29,150.35,150.23,13454,150.3,150.3
459,2023-02-02 16:39:00,150.32,150.32,150.23,23322,150.34,150.34
460,2023-02-02 16:40:00,150.15,150.36,150.12,32775,150.16,150.16
461,2023-02-02 16:41:00,150.1,150.16,150.02,20164,150.12,150.12
462,2023-02-02 16:42:00,150.08,150.14,150.06,11149,150.09,150.09
463,2023-02-02 16:43:00,150.1,150.19,150.06,18641,150.11,150.11
464,2023-02-02 16:44:00,150.09,150.17,150.08,11884,150.1,150.1
465,2023-02-02 16:45:00,150.03,150.13,150.02,10248,150.03,150.03
466,2023-02-02 16:46:00,150.03,150.07,149.95,28939,150.03,150.03
467,2023-02-02 16:47:00,150.02,150.03,149.93,14648,150.03,150.03
468,2023-02-02 16:48:00,150.02,150.04,149.9,15291,150.03,150.03
469,2023-02-02 16:49:00,150.02,150.07,149.99,12505,150.03,150.03
470,2023-02-02 16:50:00,149.95,150.06,149.92,10731,149.94,149.94
471,2023-02-02 16:51:00,150.0,150.01,149.92,8800,150.01,150.01
472,2023-02-02 16:52:00,149.96,149.99,149.92,8903,149.98,149.98
473,2023-02-02 16:53:00,149.86,149.99,149.86,22865,149.87,149.87
474,2023-02-02 16:54:00,149.93,149.94,149.83,13665,149.94,149.94
475,2023-02-02 16:55:00,149.83,149.98,149.79,17218,149.85,149.85
476,2023-02-02 16:56:00,149.95,149.97,149.8,12052,149.96,149.96
477,2023-02-02 16:57:00,149.89,149.95,149.85,8069,149.9,149.9
478,2023-02-02 16:58:00,149.84,149.92,149.81,12767,149.85,149.85
479,2023-02-02 16:59:00,149.75,149.86,149.72,12380,149.78,149.78
480,2023-02-02 17:00:00,149.81,149.88,149.76,11620,149.79,149.79
481,2023-02-02 17:01:00,149.9,150.01,149.76,47604,149.9,149.9
482,2023-02-02 17:02:00,149.75,149.91,149.7,16045,149.76,149.76
483,2023-02-02 17:03:00,149.71,149.82,149.7,14150,149.72,149.72
484,2023-02-02 17:04:00,149.72,149.75,149.66,10302,149.73,149.73
485,2023-02-02 17:05:00,149.6,149.75,149.56,16291,149.6,149.6
486,2023-02-02 17:06:00,149.77,149.77,149.59,11358,149.77,149.77
487,2023-02-02 17:07:00,149.66,149.78,149.64,15279,149.66,149.66
488,2023-02-02 17:08:00,149.63,149.68,149.58,10907,149.65,149.65
489,2023-02-02 17:09:00,149.51,149.62,149.49,21590,149.52,149.52
490,2023-02-02 17:10:00,149.57,149.58,149.44,14232,149.57,149.57
491,2023-02-02 17:11:00,149.68,149.68,149.54,16366,149.68,149.68
492,2023-02-02 17:12:00,149.73,149.74,149.67,19258,149.74,149.74
493,2023-02-02 17:13:00,149.79,149.8,149.71,16683,149.8,149.8
494,2023-02-02 17:14:00,149.93,149.96,149.79,17546,149.94,149.94
495,2023-02-02 17:15:00,150.03,150.06,149.9,33805,150.04,150.04
496,2023-02-02 17:16:00,149.96,150.04,149.95,14424,149.96,149.96
497,2023-02-02 17:17:00,149.93,149.95,149.81,21614,149.93,149.93
498,2023-02-02 17:18:00,149.9,149.93,149.85,5200,149.9,149.9
499,2023-02-02 17:19:00,149.9,149.91,149.81,6665,149.91,149.91
500,2023-02-02 17:20:00,149.94,149.94,149.82,8462,149.94,149.94
501,2023-02-02 17:21:00,150.03,150.03,149.92,16173,150.03,150.03
502,2023-02-02 17:22:00,150.0,150.01,149.94,7751,150.02,150.02
503,2023-02-02 17:23:00,149.95,150.01,149.93,5870,149.97,149.97
504,2023-02-02 17:24:00,150.05,150.05,149.92,15129,150.06,150.06
505,2023-02-02 17:25:00,149.94,150.09,149.94,13620,149.95,149.95
506,2023-02-02 17:26:00,150.0,150.06,149.94,9412,150.01,150.01
507,2023-02-02 17:27:00,149.94,149.98,149.83,20004,149.95,149.95
508,2023-02-02 17:28:00,149.95,150.01,149.87,18064,149.96,149.96
509,2023-02-02 17:29:00,149.91,149.96,149.89,7730,149.92,149.92
510,2023-02-02 17:30:00,149.98,149.99,149.84,17512,150.0,150.0
511,2023-02-02 17:31:00,150.17,150.17,149.97,43944,150.18,150.18
512,2023-02-02 17:32:00,150.15,150.17,150.09,29956,150.16,150.16
513,2023-02-02 17:33:00,150.14,150.16,150.06,10221,150.15,150.15
514,2023-02-02 17:34:00,150.21,150.23,150.12,25638,150.23,150.23
515,2023-02-02 17:35:00,150.23,150.27,150.16,12575,150.23,150.23
516,2023-02-02 17:36:00,150.12,150.21,150.1,11715,150.13,150.13
517,2023-02-02 17:37:00,150.04,150.13,150.0,32073,150.04,150.04
518,2023-02-02 17:38:00,149.92,150.07,149.92,28240,149.93,149.93
519,2023-02-02 17:39:00,149.98,149.98,149.9,9926,149.99,149.99
520,2023-02-02 17:40:00,149.79,149.99,149.76,18325,149.79,149.79
521,2023-02-02 17:41:00,149.73,149.81,149.64,10220,149.75,149.75
522,2023-02-02 17:42:00,149.69,149.76,149.64,10531,149.7,149.7
523,2023-02-02 17:43:00,149.8,149.81,149.7,8625,149.82,149.82
524,2023-02-02 17:44:00,149.85,149.85,149.8,6475,149.86,149.86
525,2023-02-02 17:45:00,149.83,149.88,149.81,14834,149.83,149.83
526,2023-02-02 17:46:00,149.75,149.86,149.71,10958,149.75,149.75
527,2023-02-02 17:47:00,149.9,149.92,149.74,10707,149.9,149.9
528,2023-02-02 17:48:00,149.81,149.89,149.78,11147,149.82,149.82
529,2023-02-02 17:49:00,149.74,149.84,149.74,6760,149.75,149.75
530,2023-02-02 17:50:00,149.79,149.8,149.69,23230,149.8,149.8
531,2023-02-02 17:51:00,149.78,149.81,149.72,14658,149.78,149.78
532,2023-02-02 17:52:00,149.8,149.83,149.69,12789,149.81,149.81
533,2023-02-02 17:53:00,149.77,149.84,149.75,15240,149.78,149.78
534,2023-02-02 17:54:00,149.79,149.82,149.71,9958,149.79,149.79
535,2023-02-02 17:55:00,149.77,149.8,149.74,14696,149.79,149.79
536,2023-02-02 17:56:00,149.77,149.85,149.77,14980,149.77,149.77
537,2023-02-02 17:57:00,149.83,149.84,149.75,15087,149.84,149.84
538,2023-02-02 17:58:00,149.9,149.92,149.82,17150,149.91,149.91
539,2023-02-02 17:59:00,149.93,149.96,149.88,18492,149.93,149.93
540,2023-02-02 18:00:00,150.05,150.07,149.92,23543,150.06,150.06
541,2023-02-02 18:01:00,150.03,150.13,149.99,15523,150.03,150.03
542,2023-02-02 18:02:00,150.2,150.2,150.01,19071,150.2,150.2
543,2023-02-02 18:03:00,150.14,150.2,150.13,11531,150.15,150.15
544,2023-02-02 18:04:00,150.14,150.2,150.11,13047,150.16,150.16
545,2023-02-02 18:05:00,150.12,150.19,150.09,26726,150.14,150.14
546,2023-02-02 18:06:00,150.22,150.22,150.1,23308,150.23,150.23
547,2023-02-02 18:07:00,150.16,150.23,150.09,25669,150.16,150.16
548,2023-02-02 18:08:00,150.16,150.23,150.15,28435,150.18,150.18
549,2023-02-02 18:09:00,150.14,150.19,150.14,25056,150.15,150.15
550,2023-02-02 18:10:00,150.15,150.17,150.1,7226,150.15,150.15
551,2023-02-02 18:11:00,150.18,150.18,150.1,12088,150.19,150.19
552,2023-02-02 18:12:00,150.22,150.23,150.18,18287,150.22,150.22
553,2023-02-02 18:13:00,150.27,150.29,150.19,23386,150.28,150.28
554,2023-02-02 18:14:00,150.19,150.3,150.19,15982,150.2,150.2
555,2023-02-02 18:15:00,150.17,150.2,149.97,32821,150.18,150.18
556,2023-02-02 18:16:00,150.15,150.17,150.08,6500,150.13,150.13
557,,,,,,150.13,150.14
